{
  "hash": "94aee445",
  "configHash": "b0e39c60",
  "lockfileHash": "bbecc276",
  "browserHash": "5afa185d",
  "optimized": {
    "@angular/common": {
      "src": "../../../../../../node_modules/@angular/common/fesm2022/common.mjs",
      "file": "@angular_common.js",
      "fileHash": "9814f8e3",
      "needsInterop": false
    },
    "@angular/common/http": {
      "src": "../../../../../../node_modules/@angular/common/fesm2022/http.mjs",
      "file": "@angular_common_http.js",
      "fileHash": "be9ffb8f",
      "needsInterop": false
    },
    "@angular/core": {
      "src": "../../../../../../node_modules/@angular/core/fesm2022/core.mjs",
      "file": "@angular_core.js",
      "fileHash": "b333ebe9",
      "needsInterop": false
    },
    "@angular/forms": {
      "src": "../../../../../../node_modules/@angular/forms/fesm2022/forms.mjs",
      "file": "@angular_forms.js",
      "fileHash": "bf8a0cf4",
      "needsInterop": false
    },
    "@angular/platform-browser": {
      "src": "../../../../../../node_modules/@angular/platform-browser/fesm2022/platform-browser.mjs",
      "file": "@angular_platform-browser.js",
      "fileHash": "4c72fb83",
      "needsInterop": false
    },
    "@angular/router": {
      "src": "../../../../../../node_modules/@angular/router/fesm2022/router.mjs",
      "file": "@angular_router.js",
      "fileHash": "9de1d12c",
      "needsInterop": false
    },
    "rxjs": {
      "src": "../../../../../../node_modules/rxjs/dist/esm5/index.js",
      "file": "rxjs.js",
      "fileHash": "8adcf556",
      "needsInterop": false
    }
  },
  "chunks": {
    "chunk-4BTUHQBE": {
      "file": "chunk-4BTUHQBE.js"
    },
    "chunk-356DRPJL": {
      "file": "chunk-356DRPJL.js"
    },
    "chunk-GWNINSDF": {
      "file": "chunk-GWNINSDF.js"
    },
    "chunk-TKWQOCYS": {
      "file": "chunk-TKWQOCYS.js"
    },
    "chunk-D7ZVSHZF": {
      "file": "chunk-D7ZVSHZF.js"
    },
    "chunk-PJVWDKLX": {
      "file": "chunk-PJVWDKLX.js"
    }
  }
}